code,url,file ext,dominant colour,dominant colour name,closest name,dominant shade,top left pixel,top left pixel color,height,width,transparent
H424-B04,https://go.cin7.com/webfiles/ProSciTechAU/webpages/images/275564/1950_PriceBreak_1963_tn.jpg,jpg,"(19, 19, 19)",black,black,mostly white,"(255, 255, 255)",white,170,170,False
H663-40,https://go.cin7.com/webfiles/ProSciTechAU/webpages/images/275564/h663_tn.jpg,jpg,"(203, 204, 201)",white,lightgrey,mostly black,"(0, 0, 0)",black,50,170,False
H677-24,https://go.cin7.com/webfiles/ProSciTechAU/webpages/images/275564/h677-24_tn.jpg,jpg,"(216, 216, 212)",white,lightgrey,mostly black,"(0, 0, 0)",black,159,170,False
H690-10,https://go.cin7.com/webfiles/ProSciTechAU/webpages/images/275564/h690_tn.jpg,jpg,"(14, 13, 11)",black,black,mostly black,"(0, 0, 0)",black,112,170,False
LB11-500,https://go.cin7.com/webfiles/ProSciTechAU/webpages/images/275564/lb11-500_tn.jpg,jpg,"(179, 183, 188)",white,silver,mostly black,"(1, 1, 1)",black,154,170,False
LD1-AL,https://go.cin7.com/webfiles/ProSciTechAU/webpages/images/275564/ld-al_tn.jpg,jpg,"(155, 156, 152)",white,darkgrey,mostly black,"(1, 1, 1)",black,131,170,False
LD12-Y,https://go.cin7.com/webfiles/ProSciTechAU/webpages/images/275564/ld1_tn.jpg,jpg,"(18, 23, 8)",black,black,mostly black,"(7, 2, 24)",black,69,170,False
LD16-050,https://go.cin7.com/webfiles/ProSciTechAU/webpages/images/275564/ld16-050_tn.jpg,jpg,"(207, 208, 213)",white,lightgrey,mostly black,"(1, 1, 1)",black,124,170,False
LD18,https://go.cin7.com/webfiles/ProSciTechAU/webpages/images/275564/ld1-pp_tn.jpg,jpg,"(154, 155, 160)",white,darkgrey,mostly black,"(1, 1, 1)",black,164,170,False
T710,https://go.cin7.com/webfiles/ProSciTechAU/webpages/images/275564/t710_tn.jpg,jpg,"(10, 11, 12)",black,black,mostly black,"(1, 1, 1)",black,131,170,False
T720,https://go.cin7.com/webfiles/ProSciTechAU/webpages/images/275564/t720_tn.jpg,jpg,"(16, 18, 24)",black,black,mostly black,"(0, 2, 1)",black,117,170,False
T726,https://go.cin7.com/webfiles/ProSciTechAU/webpages/images/275564/t726_tn.jpg,jpg,"(9, 9, 9)",black,black,mostly black,"(1, 2, 0)",black,119,170,False
T760-046,https://go.cin7.com/webfiles/ProSciTechAU/webpages/images/275564/t760_tn.jpg,jpg,"(5, 5, 5)",black,black,mostly black,"(1, 1, 1)",black,127,170,False
L73-250-X,https://go.cin7.com/webfiles/ProSciTechAU/webpages/images/275564/11-146_tn.jpg,jpg,"(20, 16, 27)",black,black,mostly black,"(21, 27, 41)",black,170,170,False
LC17-093,https://go.cin7.com/webfiles/ProSciTechAU/webpages/images/275564/lc17-093_tn.jpg,jpg,"(18, 17, 17)",black,black,mostly black,"(1, 1, 1)",black,170,142,False
H425,https://go.cin7.com/webfiles/ProSciTechAU/webpages/images/275564/H425_tn.jpg,jpg,"(17, 122, 243)",blue,dodgerblue,mostly white,"(11, 119, 253)",blue,170,120,False
H425-D,https://go.cin7.com/webfiles/ProSciTechAU/webpages/images/275564/H425-D_tn.jpg,jpg,"(198, 239, 247)",white,paleturquoise,mostly white,"(11, 119, 253)",blue,170,120,False
H425-R,https://go.cin7.com/webfiles/ProSciTechAU/webpages/images/275564/H425-R_tn.jpg,jpg,"(25, 128, 245)",green blue,dodgerblue,mostly black,"(11, 119, 253)",blue,170,120,False
LCV4-0010,https://go.cin7.com/webfiles/ProSciTechAU/webpages/images/275564/lcv4_tn.jpg,jpg,"(13, 14, 17)",black,black,mostly black,"(1, 0, 5)",black,170,80,False
LCVV5-0025,https://go.cin7.com/webfiles/ProSciTechAU/webpages/images/275564/lcvv5_tn.jpg,jpg,"(228, 64, 36)",red,chocolate,mostly black,"(0, 0, 0)",black,170,130,False
LGV3-0100,https://go.cin7.com/webfiles/ProSciTechAU/webpages/images/275564/lgv3_tn.jpg,jpg,"(115, 117, 120)",black,grey,mostly black,"(0, 0, 0)",black,170,140,False
TCV2-03,https://go.cin7.com/webfiles/ProSciTechAU/webpages/images/275564/tcv2_tn.jpg,jpg,"(9, 9, 8)",black,black,mostly black,"(0, 0, 0)",black,95,170,False
TCV3-03,https://go.cin7.com/webfiles/ProSciTechAU/webpages/images/275564/tcv3_tn.jpg,jpg,"(148, 148, 149)",white,lightslategrey,mostly black,"(0, 0, 0)",black,95,170,False
TSV-09,https://go.cin7.com/webfiles/ProSciTechAU/webpages/images/275564/tsv-pe_tn.jpg,jpg,"(198, 199, 197)",white,silver,mostly black,"(0, 0, 0)",black,170,163,False
TSV12-15,https://go.cin7.com/webfiles/ProSciTechAU/webpages/images/275564/tsv12_tn.jpg,jpg,"(215, 215, 215)",white,lightgrey,mostly black,"(0, 0, 0)",black,38,170,False
TSV14-11,https://go.cin7.com/webfiles/ProSciTechAU/webpages/images/275564/tsv14-11_tn.jpg,jpg,"(19, 19, 21)",black,black,mostly black,"(0, 0, 0)",black,94,170,False
I28-140B,https://go.cin7.com/webfiles/ProSciTechAU/webpages/images/275564/i28_tn.jpg,jpg,"(47, 60, 68)",black,darkslategrey,mostly white,"(17, 22, 26)",black,128,170,False
LS23-30,https://go.cin7.com/webfiles/ProSciTechAU/webpages/images/275564/ls23-30_tn.jpg,jpg,"(179, 189, 205)",white,silver,mostly black,"(3, 1, 6)",black,170,73,False
H637-030,https://go.cin7.com/webfiles/ProSciTechAU/webpages/images/275564/h637_tn.jpg,jpg,"(183, 184, 184)",white,silver,mostly black,"(1, 1, 1)",black,158,170,False
H662-060,https://go.cin7.com/webfiles/ProSciTechAU/webpages/images/275564/evaporating-dish_tn.jpg,jpg,"(22, 22, 20)",black,black,mostly black,"(0, 0, 0)",black,73,170,False
L689,https://go.cin7.com/webfiles/ProSciTechAU/webpages/images/275564/l689_tn.jpg,jpg,"(11, 11, 12)",black,black,mostly black,"(0, 0, 0)",black,81,170,False
LB8025-4,https://go.cin7.com/webfiles/ProSciTechAU/webpages/images/275564/lb8_tn.jpg,jpg,"(151, 153, 156)",white,darkgrey,mostly black,"(1, 1, 1)",black,170,151,False
LC1656,https://go.cin7.com/webfiles/ProSciTechAU/webpages/images/275564/lc16_tn.jpg,jpg,"(14, 7, 6)",black,black,mostly black,"(1, 1, 1)",black,134,170,False
LSRG-250,https://go.cin7.com/webfiles/ProSciTechAU/webpages/images/275564/lsrg_tn.jpg,jpg,"(5, 5, 5)",black,black,mostly black,"(5, 5, 5)",black,49,170,False
LT2-03,https://go.cin7.com/webfiles/ProSciTechAU/webpages/images/275564/lt2_tn.jpg,jpg,"(179, 184, 189)",white,silver,mostly black,"(167, 168, 173)",white,129,170,False
MS08,https://go.cin7.com/webfiles/ProSciTechAU/webpages/images/275564/ms_tn.jpg,jpg,"(6, 6, 6)",black,black,mostly black,"(1, 1, 1)",black,97,170,False
R650-04,https://go.cin7.com/webfiles/ProSciTechAU/webpages/images/275564/r650_44f2d2dd-9f84-45cb-996c-f3b0ee14bade_tn.jpg,jpg,"(45, 45, 45)",black,darkslategrey,mostly black,"(0, 0, 0)",black,105,170,False
T420,https://go.cin7.com/webfiles/ProSciTechAU/webpages/images/275564/t420_tn.jpg,jpg,"(6, 6, 6)",black,black,mostly black,"(0, 0, 0)",black,163,170,False
T711,https://go.cin7.com/webfiles/ProSciTechAU/webpages/images/275564/t712_tn.jpg,jpg,"(196, 188, 181)",white,silver,mostly black,"(0, 1, 2)",black,131,170,False
T715,https://go.cin7.com/webfiles/ProSciTechAU/webpages/images/275564/t715-2_tn.jpg,jpg,"(141, 143, 140)",white,grey,mostly white,"(135, 137, 134)",white,77,170,False
T716,https://go.cin7.com/webfiles/ProSciTechAU/webpages/images/275564/t716_tn.jpg,jpg,"(199, 131, 117)",red green,rosybrown,mostly black,"(1, 1, 1)",black,72,170,False
T724-13,https://go.cin7.com/webfiles/ProSciTechAU/webpages/images/275564/t724_tn.jpg,jpg,"(5, 5, 5)",black,black,mostly black,"(0, 0, 0)",black,170,156,False
T727,https://go.cin7.com/webfiles/ProSciTechAU/webpages/images/275564/t727_tn.jpg,jpg,"(5, 5, 5)",black,black,mostly black,"(5, 5, 5)",black,95,170,False
T728-13,https://go.cin7.com/webfiles/ProSciTechAU/webpages/images/275564/t728_tn.jpg,jpg,"(5, 5, 5)",black,black,mostly black,"(0, 0, 0)",black,106,170,False
TBB-A,https://go.cin7.com/webfiles/ProSciTechAU/webpages/images/275564/TBB-A_tn.jpg,jpg,"(6, 6, 7)",black,black,mostly black,"(0, 0, 0)",black,170,109,False
TBS-W127,https://go.cin7.com/webfiles/ProSciTechAU/webpages/images/275564/tbs-w127_tn.jpg,jpg,"(6, 6, 6)",black,black,mostly black,"(0, 0, 0)",black,169,170,False
SSS-060,https://go.cin7.com/webfiles/ProSciTechAU/webpages/images/275564/sss_tn.jpg,jpg,"(8, 8, 9)",black,black,mostly black,"(0, 0, 0)",black,152,170,False
VCCD-063,https://go.cin7.com/webfiles/ProSciTechAU/webpages/images/275564/vccd_tn.jpg,jpg,"(8, 9, 9)",black,black,mostly black,"(0, 0, 0)",black,169,87,False
VCWD-063,https://go.cin7.com/webfiles/ProSciTechAU/webpages/images/275564/vcwd_tn.jpg,jpg,"(12, 12, 11)",black,black,mostly black,"(0, 0, 0)",black,169,89,False
E122-200,https://go.cin7.com/webfiles/ProSciTechAU/webpages/images/275564/e122_tn.jpg,jpg,"(213, 213, 222)",white,gainsboro,mostly white,"(41, 95, 159)",blue,170,138,False
E125-197,https://go.cin7.com/webfiles/ProSciTechAU/webpages/images/275564/e125_tn.jpg,jpg,"(199, 189, 183)",white,silver,mostly black,"(0, 0, 0)",black,170,152,False
H402-095,https://go.cin7.com/webfiles/ProSciTechAU/webpages/images/275564/h402_tn.jpg,jpg,"(21, 22, 24)",black,black,mostly black,"(0, 0, 0)",black,98,170,False
H453,https://go.cin7.com/webfiles/ProSciTechAU/webpages/images/275564/h453_tn.jpg,jpg,"(15, 13, 13)",black,black,mostly black,"(0, 0, 0)",black,170,159,False
HE28,https://go.cin7.com/webfiles/ProSciTechAU/webpages/images/275564/he28_tn.jpg,jpg,"(9, 8, 8)",black,black,mostly black,"(0, 0, 0)",black,141,170,False
HG90,https://go.cin7.com/webfiles/ProSciTechAU/webpages/images/275564/hg90_tn.jpg,jpg,"(212, 211, 210)",white,lightgrey,mostly black,"(0, 0, 0)",black,79,170,False
L231-08,https://go.cin7.com/webfiles/ProSciTechAU/webpages/images/275564/l231_tn.jpg,jpg,"(157, 143, 147)",white,rosybrown,mostly black,"(0, 0, 0)",black,124,170,False
L73-500,https://go.cin7.com/webfiles/ProSciTechAU/webpages/images/275564/l73_tn.jpg,jpg,"(183, 185, 185)",white,silver,mostly black,"(4, 4, 4)",black,170,148,False
L821-050,https://go.cin7.com/webfiles/ProSciTechAU/webpages/images/275564/l821-050_tn.jpg,jpg,"(8, 8, 9)",black,black,mostly black,"(0, 0, 0)",black,170,13,False
L900-02,https://go.cin7.com/webfiles/ProSciTechAU/webpages/images/275564/l900-02_tn.jpg,jpg,"(159, 159, 148)",white,darkgrey,mostly black,"(0, 0, 0)",black,170,74,False
LCA05-MP,https://go.cin7.com/webfiles/ProSciTechAU/webpages/images/275564/lca05-mp_tn.jpg,jpg,"(14, 14, 14)",black,black,mostly black,"(0, 0, 0)",black,76,170,False
LCA11-16P,https://go.cin7.com/webfiles/ProSciTechAU/webpages/images/275564/lca11_tn.jpg,jpg,"(19, 110, 169)",blue,darkcyan,mostly white,"(254, 254, 254)",white,170,170,False
LCA11-CAP16,https://go.cin7.com/webfiles/ProSciTechAU/webpages/images/275564/lca11_tn.jpg,jpg,"(19, 110, 169)",blue,darkcyan,mostly white,"(254, 254, 254)",white,170,170,False
LCA13-75,https://go.cin7.com/webfiles/ProSciTechAU/webpages/images/275564/lca13_tn.jpg,jpg,"(7, 6, 6)",black,black,mostly black,"(0, 0, 0)",black,170,116,False
LD25-12,https://go.cin7.com/webfiles/ProSciTechAU/webpages/images/275564/ld25-12_tn.jpg,jpg,"(143, 145, 146)",white,lightslategrey,mostly black,"(0, 0, 0)",black,127,170,False
LD33-D,https://go.cin7.com/webfiles/ProSciTechAU/webpages/images/275564/ld33_tn.jpg,jpg,"(202, 203, 203)",white,lightgrey,mostly black,"(0, 0, 0)",black,90,170,False
LD34,https://go.cin7.com/webfiles/ProSciTechAU/webpages/images/275564/ld34_tn.jpg,jpg,"(32, 32, 32)",black,black,mostly black,"(0, 0, 0)",black,106,170,False
LD9-W,https://go.cin7.com/webfiles/ProSciTechAU/webpages/images/275564/ld5-w_tn.jpg,jpg,"(201, 201, 201)",white,silver,mostly black,"(1, 1, 1)",black,144,170,False
LF16-100,https://go.cin7.com/webfiles/ProSciTechAU/webpages/images/275564/lf16_tn.jpg,jpg,"(20, 19, 19)",black,black,mostly black,"(0, 0, 0)",black,78,170,False
LFV4-100,https://go.cin7.com/webfiles/ProSciTechAU/webpages/images/275564/lfv4_tn.jpg,jpg,"(147, 152, 168)",white,darkgrey,mostly black,"(0, 0, 0)",black,134,170,False
LG72-0030,https://go.cin7.com/webfiles/ProSciTechAU/webpages/images/275564/lg72_tn.jpg,jpg,"(27, 11, 13)",black,black,mostly black,"(0, 0, 0)",black,170,101,False
LG74-1000,https://go.cin7.com/webfiles/ProSciTechAU/webpages/images/275564/lg74-1000_tn.jpg,jpg,"(77, 57, 59)",black,darkslategrey,mostly white,"(41, 89, 155)",blue,170,120,False
LSRP-150,https://go.cin7.com/webfiles/ProSciTechAU/webpages/images/275564/lsrp_tn.jpg,jpg,"(212, 211, 210)",white,lightgrey,mostly black,"(0, 0, 0)",black,80,170,False
T713-D,https://go.cin7.com/webfiles/ProSciTechAU/webpages/images/275564/t71-pp_tn.jpg,jpg,"(183, 183, 183)",white,silver,mostly black,"(1, 1, 1)",black,115,170,False
T753-235,https://go.cin7.com/webfiles/ProSciTechAU/webpages/images/275564/t753_tn.jpg,jpg,"(4, 4, 4)",black,black,mostly black,"(0, 0, 0)",black,165,170,False
TCV5-06,https://go.cin7.com/webfiles/ProSciTechAU/webpages/images/275564/tcv5_tn.jpg,jpg,"(21, 21, 21)",black,black,mostly black,"(0, 0, 0)",black,139,170,False
TCV6-06,https://go.cin7.com/webfiles/ProSciTechAU/webpages/images/275564/tcv6_tn.jpg,jpg,"(10, 10, 11)",black,black,mostly black,"(0, 0, 0)",black,65,170,False
TCV7-06,https://go.cin7.com/webfiles/ProSciTechAU/webpages/images/275564/tcv7_tn.jpg,jpg,"(172, 171, 171)",white,darkgrey,mostly black,"(0, 0, 0)",black,120,170,False
TSV2-10,https://go.cin7.com/webfiles/ProSciTechAU/webpages/images/275564/tsv-pp_tn.jpg,jpg,"(192, 189, 191)",white,silver,mostly black,"(0, 0, 0)",black,97,170,False
HG70-35,https://go.cin7.com/webfiles/ProSciTechAU/webpages/images/275564/Capture_2ae96074-90a0-4921-85c8-19f9409f1c1f_tn.PNG,png,"(132, 178, 204)",white,skyblue,mostly white,"(81, 143, 200)",green blue,93,157,False
O7014,https://go.cin7.com/webfiles/ProSciTechAU/webpages/images/275564/o7014_tn.jpg,jpg,"(164, 162, 169)",white,darkgrey,mostly black,"(188, 190, 203)",white,66,170,False
OFF250-2,https://go.cin7.com/webfiles/ProSciTechAU/webpages/images/275564/fuse_tn.jpg,jpg,"(196, 185, 174)",white,silver,mostly black,"(0, 0, 0)",black,65,170,False
OXJF-BM,https://go.cin7.com/webfiles/ProSciTechAU/webpages/images/275564/oxjf-bm_tn.jpg,jpg,"(192, 187, 180)",white,silver,mostly black,"(1, 0, 0)",black,33,170,False
YD2030-050,https://go.cin7.com/webfiles/ProSciTechAU/webpages/images/275564/lns-dewar-vessel_tn.jpg,jpg,"(207, 208, 209)",white,lightgrey,mostly black,"(0, 0, 0)",black,134,170,False
YDC010-050,https://go.cin7.com/webfiles/ProSciTechAU/webpages/images/275564/canister-w-handle_tn.jpg,jpg,"(6, 6, 6)",black,black,mostly black,"(0, 0, 0)",black,170,88,False
P230-E27,https://go.cin7.com/webfiles/ProSciTechAU/webpages/images/275564/p230_tn.jpg,jpg,"(52, 51, 49)",black,darkslategrey,mostly black,"(0, 0, 4)",black,82,170,False
IA030,https://go.cin7.com/webfiles/ProSciTechAU/webpages/images/275564/ia030_tn.jpg,jpg,"(165, 136, 138)",white,rosybrown,mostly white,"(2, 59, 128)",blue,125,170,False
E112-150,https://go.cin7.com/webfiles/ProSciTechAU/webpages/images/275564/e112_tn.jpg,jpg,"(195, 187, 175)",white,silver,mostly black,"(2, 1, 6)",black,170,140,False
E124-150,https://go.cin7.com/webfiles/ProSciTechAU/webpages/images/275564/e124_tn.jpg,jpg,"(10, 10, 10)",black,black,mostly black,"(0, 0, 0)",black,170,133,False
M051,https://go.cin7.com/webfiles/ProSciTechAU/webpages/images/275564/m051_tn.jpg,jpg,"(10, 9, 8)",black,black,mostly black,"(0, 0, 2)",black,170,56,False
SUI22-12,https://go.cin7.com/webfiles/ProSciTechAU/webpages/images/275564/sui22_tn.jpg,jpg,"(20, 20, 20)",black,black,mostly black,"(0, 0, 0)",black,160,170,False
SUI23-12,https://go.cin7.com/webfiles/ProSciTechAU/webpages/images/275564/sui23_tn.jpg,jpg,"(68, 49, 48)",black,darkslategrey,mostly white,"(101, 15, 14)",black,170,168,False
SUI32-12,https://go.cin7.com/webfiles/ProSciTechAU/webpages/images/275564/sui32-12_tn.jpg,jpg,"(57, 47, 48)",black,darkslategrey,mostly black,"(89, 4, 7)",black,170,158,False
SUI4,https://go.cin7.com/webfiles/ProSciTechAU/webpages/images/275564/sui4_tn.jpg,jpg,"(169, 169, 156)",white,darkgrey,mostly black,"(0, 0, 0)",black,170,102,False
SUI612-050,https://go.cin7.com/webfiles/ProSciTechAU/webpages/images/275564/sui-3f_tn.jpg,jpg,"(157, 165, 171)",white,darkgrey,mostly black,"(0, 0, 0)",black,170,118,False
L63TC-13C,https://go.cin7.com/webfiles/ProSciTechAU/webpages/images/275564/l63tc_tn.jpg,jpg,"(11, 13, 15)",black,black,mostly black,"(0, 0, 0)",black,109,170,False
O654,https://go.cin7.com/webfiles/ProSciTechAU/webpages/images/275564/o654a_tn.jpg,jpg,"(162, 177, 196)",white,darkgrey,mostly black,"(25, 25, 25)",black,96,170,False
L680,https://go.cin7.com/webfiles/ProSciTechAU/webpages/images/275564/l68-glass_tn.jpg,jpg,"(8, 9, 11)",black,black,mostly black,"(4, 0, 0)",black,142,170,False
LB101,https://go.cin7.com/webfiles/ProSciTechAU/webpages/images/275564/lb110_tn.jpg,jpg,"(16, 18, 17)",black,black,mostly black,"(0, 0, 0)",black,170,113,False
LC0100,https://go.cin7.com/webfiles/ProSciTechAU/webpages/images/275564/LC0_tn.jpg,jpg,"(15, 18, 15)",black,black,mostly black,"(4, 4, 4)",black,170,92,False
LC101,https://go.cin7.com/webfiles/ProSciTechAU/webpages/images/275564/lc1_tn.jpg,jpg,"(15, 14, 13)",black,black,mostly black,"(0, 0, 0)",black,170,105,False
LC30,https://go.cin7.com/webfiles/ProSciTechAU/webpages/images/275564/lc3_tn.jpg,jpg,"(18, 17, 15)",black,black,mostly black,"(0, 2, 0)",black,170,84,False
LCA32,https://go.cin7.com/webfiles/ProSciTechAU/webpages/images/275564/lca-glass_tn.jpg,jpg,"(17, 18, 19)",black,black,mostly black,"(0, 0, 0)",black,149,170,False
LCB12,https://go.cin7.com/webfiles/ProSciTechAU/webpages/images/275564/lcb12_tn.jpg,jpg,"(5, 5, 6)",black,black,mostly black,"(0, 0, 0)",black,89,170,False
LCB19,https://go.cin7.com/webfiles/ProSciTechAU/webpages/images/275564/lcb19_tn.jpg,jpg,"(187, 187, 187)",white,silver,mostly black,"(1, 1, 1)",black,170,103,False
LF13-040,https://go.cin7.com/webfiles/ProSciTechAU/webpages/images/275564/lf13_tn.jpg,jpg,"(7, 7, 7)",black,black,mostly black,"(6, 6, 6)",black,123,170,False
LF14-100,https://go.cin7.com/webfiles/ProSciTechAU/webpages/images/275564/lf14_tn.jpg,jpg,"(7, 6, 6)",black,black,mostly black,"(0, 0, 0)",black,137,170,False
YCA17-50B,https://go.cin7.com/webfiles/ProSciTechAU/webpages/images/275564/yca17-50b_tn.jpg,jpg,"(168, 135, 133)",white,rosybrown,mostly black,"(0, 0, 0)",black,155,170,False
L66-040S,https://go.cin7.com/webfiles/ProSciTechAU/webpages/images/275564/l66-cap_tn.jpg,jpg,"(196, 196, 197)",white,silver,mostly black,"(193, 193, 193)",white,170,170,False
H163-2,https://go.cin7.com/webfiles/ProSciTechAU/webpages/images/275564/h163-2_tn.jpg,jpg,"(169, 163, 152)",white,darkgrey,mostly black,"(0, 0, 0)",black,130,170,False
HG22-500,https://go.cin7.com/webfiles/ProSciTechAU/webpages/images/275564/motar_tn.jpg,jpg,"(161, 162, 144)",white,darkgrey,mostly black,"(0, 0, 0)",black,101,170,False
M262,https://go.cin7.com/webfiles/ProSciTechAU/webpages/images/275564/m26_tn.jpg,jpg,"(212, 68, 67)",red,indianred,mostly black,"(2, 0, 1)",black,148,170,False
MF05,https://go.cin7.com/webfiles/ProSciTechAU/webpages/images/275564/mf05_tn.jpg,jpg,"(9, 12, 18)",black,black,mostly black,"(0, 1, 0)",black,12,170,False
MF07,https://go.cin7.com/webfiles/ProSciTechAU/webpages/images/275564/mf07_tn.jpg,jpg,"(8, 9, 9)",black,black,mostly black,"(14, 3, 9)",black,32,170,False
MF08,https://go.cin7.com/webfiles/ProSciTechAU/webpages/images/275564/mf08_tn.jpg,jpg,"(8, 9, 8)",black,black,mostly black,"(0, 5, 8)",black,12,170,False
EWBT-08,https://go.cin7.com/webfiles/ProSciTechAU/webpages/images/275564/ewbt-08_tn.jpg,jpg,"(132, 131, 132)",white,grey,mostly white,"(146, 146, 146)",white,118,170,False
MBK-N95,https://go.cin7.com/webfiles/ProSciTechAU/webpages/images/275564/N95-mask_tn.jpg,jpg,"(208, 206, 204)",white,lightgrey,mostly black,"(1, 1, 1)",black,119,170,False
VF4-01,https://go.cin7.com/webfiles/ProSciTechAU/webpages/images/275564/vf4-04_tn.jpg,jpg,"(192, 192, 194)",white,silver,mostly black,"(1, 1, 1)",black,170,136,False
E12-001,https://go.cin7.com/webfiles/ProSciTechAU/webpages/images/275564/e123_600x_crop_center_tn.jpg,jpg,"(218, 223, 235)",white,gainsboro,mostly white,"(169, 214, 255)",white,170,170,False
E12-005,https://go.cin7.com/webfiles/ProSciTechAU/webpages/images/275564/e12-007_tn.jpg,jpg,"(15, 15, 14)",black,black,mostly black,"(0, 0, 0)",black,147,170,False
E12-101,https://go.cin7.com/webfiles/ProSciTechAU/webpages/images/275564/e125_600x_crop_center_tn.jpg,jpg,"(199, 189, 184)",white,silver,mostly black,"(255, 255, 255)",white,170,170,False
H431,https://go.cin7.com/webfiles/ProSciTechAU/webpages/images/275564/h433_tn.jpg,jpg,"(22, 22, 22)",black,black,mostly black,"(0, 0, 0)",black,170,112,False
H44200,https://go.cin7.com/webfiles/ProSciTechAU/webpages/images/275564/h44200_tn.jpg,jpg,"(190, 192, 193)",white,silver,mostly black,"(0, 0, 0)",black,134,170,False
H44581,https://go.cin7.com/webfiles/ProSciTechAU/webpages/images/275564/h44581_tn.jpg,jpg,"(221, 223, 220)",white,gainsboro,mostly black,"(0, 0, 0)",black,128,170,False
H4650C,https://go.cin7.com/webfiles/ProSciTechAU/webpages/images/275564/h4650c_tn.jpg,jpg,"(185, 184, 185)",white,silver,mostly black,"(0, 0, 0)",black,99,170,False
H638,https://go.cin7.com/webfiles/ProSciTechAU/webpages/images/275564/h638_tn.jpg,jpg,"(5, 5, 6)",black,black,mostly black,"(3, 3, 3)",black,170,101,False
H731,https://go.cin7.com/webfiles/ProSciTechAU/webpages/images/275564/expandable-drawer_tn.jpg,jpg,"(192, 185, 182)",white,silver,mostly black,"(224, 220, 219)",white,170,170,False
HG76-02M,https://go.cin7.com/webfiles/ProSciTechAU/webpages/images/275564/hg76m_tn.jpg,jpg,"(198, 196, 190)",white,silver,mostly black,"(0, 0, 0)",black,100,170,False
HG76-02P,https://go.cin7.com/webfiles/ProSciTechAU/webpages/images/275564/hg76-close_tn.jpg,jpg,"(9, 9, 9)",black,black,mostly black,"(0, 0, 0)",black,115,170,False
ID02BE,https://go.cin7.com/webfiles/ProSciTechAU/webpages/images/275564/id02_tn.jpg,jpg,"(163, 201, 119)",red green,darkkhaki,mostly white,"(166, 213, 109)",red green,58,170,False
L133-080,https://go.cin7.com/webfiles/ProSciTechAU/webpages/images/275564/l133_tn.jpg,jpg,"(9, 10, 11)",black,black,mostly black,"(0, 0, 0)",black,70,170,False
L13463-0075,https://go.cin7.com/webfiles/ProSciTechAU/webpages/images/275564/l13463_tn.jpg,jpg,"(151, 152, 163)",white,darkgrey,mostly black,"(0, 0, 0)",black,115,170,False
L135-075,https://go.cin7.com/webfiles/ProSciTechAU/webpages/images/275564/l135_tn.jpg,jpg,"(204, 203, 200)",white,lightgrey,mostly black,"(1, 1, 1)",black,85,170,False
L151,https://go.cin7.com/webfiles/ProSciTechAU/webpages/images/275564/l151_tn.jpg,jpg,"(9, 9, 9)",black,black,mostly black,"(0, 0, 0)",black,170,88,False
L180B,https://go.cin7.com/webfiles/ProSciTechAU/webpages/images/275564/l180b_tn.jpg,jpg,"(4, 6, 18)",black,black,mostly black,"(0, 0, 0)",black,154,170,False
L231-05-PE,https://go.cin7.com/webfiles/ProSciTechAU/webpages/images/275564/l231_tn.jpg,jpg,"(157, 143, 147)",white,rosybrown,mostly black,"(0, 0, 0)",black,124,170,False
L7-040,https://go.cin7.com/webfiles/ProSciTechAU/webpages/images/275564/l7-040_tn.jpg,jpg,"(6, 6, 7)",black,black,mostly black,"(0, 0, 0)",black,170,144,False
LCA12-070,https://go.cin7.com/webfiles/ProSciTechAU/webpages/images/275564/lca12_tn.jpg,jpg,"(25, 26, 26)",black,black,mostly black,"(0, 0, 0)",black,170,156,False
LCY17-0004,https://go.cin7.com/webfiles/ProSciTechAU/webpages/images/275564/lg75_tn.jpg,jpg,"(149, 149, 151)",white,lightslategrey,mostly black,"(1, 1, 1)",black,170,139,False
TCV3-03X,https://go.cin7.com/webfiles/ProSciTechAU/webpages/images/275564/tcv3_tn.jpg,jpg,"(148, 148, 149)",white,lightslategrey,mostly black,"(0, 0, 0)",black,95,170,False
TCV5-03X,https://go.cin7.com/webfiles/ProSciTechAU/webpages/images/275564/tcv5_tn.jpg,jpg,"(21, 21, 21)",black,black,mostly black,"(0, 0, 0)",black,139,170,False
TCV6-03X,https://go.cin7.com/webfiles/ProSciTechAU/webpages/images/275564/tcv6_tn.jpg,jpg,"(10, 10, 11)",black,black,mostly black,"(0, 0, 0)",black,65,170,False
H6-1000,https://go.cin7.com/webfiles/ProSciTechAU/webpages/images/275564/h6_tn.jpg,jpg,"(182, 180, 180)",white,silver,mostly black,"(2, 1, 7)",black,49,170,False
L146-005,https://go.cin7.com/webfiles/ProSciTechAU/webpages/images/275564/l146_tn.jpg,jpg,"(13, 13, 12)",black,black,mostly black,"(0, 0, 0)",black,147,170,False
L238-018,https://go.cin7.com/webfiles/ProSciTechAU/webpages/images/275564/l238-018_tn.jpg,jpg,"(13, 15, 17)",black,black,mostly black,"(0, 0, 2)",black,168,170,False
L72-250,https://go.cin7.com/webfiles/ProSciTechAU/webpages/images/275564/134393_tn.jpg,jpg,"(192, 240, 251)",white,paleturquoise,mostly white,"(7, 115, 250)",blue,170,120,False
L7A-250,https://go.cin7.com/webfiles/ProSciTechAU/webpages/images/275564/l7-w_tn.jpg,jpg,"(11, 110, 186)",blue,darkcyan,mostly white,"(0, 97, 178)",blue,120,170,False
L7C-500B,https://go.cin7.com/webfiles/ProSciTechAU/webpages/images/275564/l7c_tn.jpg,jpg,"(7, 8, 9)",black,black,mostly black,"(0, 0, 0)",black,138,170,False
LBV2-0010,https://go.cin7.com/webfiles/ProSciTechAU/webpages/images/275564/lbv2_tn.jpg,jpg,"(35, 104, 173)",blue,steelblue,mostly white,"(23, 98, 165)",blue,120,170,False
LBV4-0010,https://go.cin7.com/webfiles/ProSciTechAU/webpages/images/275564/lbv4_tn.jpg,jpg,"(178, 125, 137)",red blue,rosybrown,mostly black,"(1, 1, 1)",black,168,170,False
LBV5-500B,https://go.cin7.com/webfiles/ProSciTechAU/webpages/images/275564/lbv5_tn.jpg,jpg,"(201, 72, 41)",red,chocolate,mostly white,"(18, 125, 203)",blue,73,170,False
LCEV2-0050,https://go.cin7.com/webfiles/ProSciTechAU/webpages/images/275564/lcev2_tn.jpg,jpg,"(15, 16, 16)",black,black,mostly black,"(1, 1, 1)",black,170,164,False
LCEV4-0050,https://go.cin7.com/webfiles/ProSciTechAU/webpages/images/275564/lcev4_tn.jpg,jpg,"(197, 195, 197)",white,silver,mostly black,"(1, 1, 1)",black,160,170,False
LCV2-0010,https://go.cin7.com/webfiles/ProSciTechAU/webpages/images/275564/lcv2_tn.jpg,jpg,"(14, 15, 16)",black,black,mostly black,"(0, 0, 0)",black,170,117,False
LCVV2-0010,https://go.cin7.com/webfiles/ProSciTechAU/webpages/images/275564/lcvv2_tn.jpg,jpg,"(152, 160, 170)",white,darkgrey,mostly black,"(0, 0, 0)",black,169,166,False
LCVV4-0010,https://go.cin7.com/webfiles/ProSciTechAU/webpages/images/275564/lcvv4_tn.jpg,jpg,"(165, 154, 164)",white,darkgrey,mostly black,"(1, 1, 1)",black,170,107,False
LFV2-030,https://go.cin7.com/webfiles/ProSciTechAU/webpages/images/275564/lfv2_tn.jpg,jpg,"(111, 111, 111)",black,dimgrey,mostly black,"(0, 0, 0)",black,170,161,False
LFV3-065,https://go.cin7.com/webfiles/ProSciTechAU/webpages/images/275564/lfv3_tn.jpg,jpg,"(14, 14, 15)",black,black,mostly black,"(0, 0, 0)",black,78,170,False
LGV2-0100,https://go.cin7.com/webfiles/ProSciTechAU/webpages/images/275564/lgv2_tn.jpg,jpg,"(111, 114, 115)",black,dimgrey,mostly black,"(0, 0, 0)",black,170,144,False
LGV4-0100,https://go.cin7.com/webfiles/ProSciTechAU/webpages/images/275564/lgv5_tn.jpg,jpg,"(172, 177, 181)",white,darkgrey,mostly black,"(0, 0, 0)",black,113,170,False
LPV3-01,https://go.cin7.com/webfiles/ProSciTechAU/webpages/images/275564/lpv3_tn.jpg,jpg,"(8, 8, 11)",black,black,mostly black,"(0, 0, 0)",black,170,30,False
LPV6-5,https://go.cin7.com/webfiles/ProSciTechAU/webpages/images/275564/lpv6-5_tn.jpg,jpg,"(4, 4, 4)",black,black,mostly black,"(0, 0, 0)",black,141,170,False
SDV3-0100-28,https://go.cin7.com/webfiles/ProSciTechAU/webpages/images/275564/sdv3_tn.jpg,jpg,"(41, 34, 35)",black,darkslategrey,mostly black,"(47, 97, 150)",blue,170,84,False
TCV4-U5,https://go.cin7.com/webfiles/ProSciTechAU/webpages/images/275564/tcv4-u5_tn.jpg,jpg,"(164, 167, 172)",white,darkgrey,mostly black,"(0, 0, 0)",black,98,170,False
TP099,https://go.cin7.com/webfiles/ProSciTechAU/webpages/images/275564/tp-pmp_tn.jpg,jpg,"(7, 7, 7)",black,black,mostly black,"(0, 0, 0)",black,91,170,False
TPV-115,https://go.cin7.com/webfiles/ProSciTechAU/webpages/images/275564/tpv-pom_tn.jpg,jpg,"(207, 189, 105)",red green,darkkhaki,mostly black,"(0, 0, 0)",black,90,170,False
TSV13-09,https://go.cin7.com/webfiles/ProSciTechAU/webpages/images/275564/tsv13-09_tn.jpg,jpg,"(206, 206, 204)",white,lightgrey,mostly black,"(0, 0, 0)",black,76,170,False
H408,https://go.cin7.com/webfiles/ProSciTechAU/webpages/images/275564/petri-dishes-ps-sterile_tn.jpg,jpg,"(17, 13, 14)",black,black,mostly black,"(0, 0, 0)",black,114,170,False
H4282-30,https://go.cin7.com/webfiles/ProSciTechAU/webpages/images/275564/h4282-30_tn.jpg,jpg,"(20, 20, 20)",black,black,mostly black,"(0, 0, 0)",black,112,170,False
H4283-60,https://go.cin7.com/webfiles/ProSciTechAU/webpages/images/275564/h4283-60_tn.jpg,jpg,"(15, 17, 15)",black,black,mostly black,"(0, 0, 0)",black,138,170,False
H470-G,https://go.cin7.com/webfiles/ProSciTechAU/webpages/images/275564/h474-2_tn.jpg,jpg,"(195, 180, 160)",white,tan,mostly black,"(166, 167, 169)",white,110,170,False
HCA30-04,https://go.cin7.com/webfiles/ProSciTechAU/webpages/images/275564/hca30_tn.jpg,jpg,"(140, 145, 159)",white,lightslategrey,mostly black,"(0, 0, 0)",black,117,170,False
HCE03,https://go.cin7.com/webfiles/ProSciTechAU/webpages/images/275564/hce03_tn.jpg,jpg,"(11, 102, 242)",blue,dodgerblue,mostly white,"(0, 85, 254)",blue,96,170,False
HCE04,https://go.cin7.com/webfiles/ProSciTechAU/webpages/images/275564/2076_PriceBreak_2089_tn.jpg,jpg,"(9, 95, 231)",blue,royalblue,mostly white,"(255, 255, 255)",white,170,170,False
HCE06,https://go.cin7.com/webfiles/ProSciTechAU/webpages/images/275564/hce06_tn.jpg,jpg,"(9, 89, 248)",blue,dodgerblue,mostly white,"(1, 64, 253)",blue,101,170,False
HCE10,https://go.cin7.com/webfiles/ProSciTechAU/webpages/images/275564/hce10_tn.jpg,jpg,"(7, 7, 7)",black,black,mostly black,"(16, 16, 16)",black,117,170,False
L140B-005,https://go.cin7.com/webfiles/ProSciTechAU/webpages/images/275564/l140-ps_tn.jpg,jpg,"(13, 13, 13)",black,black,mostly black,"(0, 0, 0)",black,142,170,False
L629-30,https://go.cin7.com/webfiles/ProSciTechAU/webpages/images/275564/l629-30_tn.jpg,jpg,"(12, 12, 12)",black,black,mostly black,"(0, 0, 0)",black,170,126,False
LC76-10,https://go.cin7.com/webfiles/ProSciTechAU/webpages/images/275564/lc76-10_tn.jpg,jpg,"(10, 10, 10)",black,black,mostly black,"(7, 3, 0)",black,170,65,False
LCA01,https://go.cin7.com/webfiles/ProSciTechAU/webpages/images/275564/lca-pp_tn.jpg,jpg,"(189, 191, 191)",white,silver,mostly black,"(1, 2, 0)",black,64,170,False
LCA04-15PET,https://go.cin7.com/webfiles/ProSciTechAU/webpages/images/275564/lca04-15pet_tn.jpg,jpg,"(26, 27, 33)",black,black,mostly black,"(0, 0, 18)",black,61,170,False
LCA05-G,https://go.cin7.com/webfiles/ProSciTechAU/webpages/images/275564/lca05_tn.jpg,jpg,"(178, 163, 147)",white,rosybrown,mostly black,"(0, 0, 0)",black,82,170,False
LCA09-02,https://go.cin7.com/webfiles/ProSciTechAU/webpages/images/275564/lca09-02_tn.jpg,jpg,"(11, 12, 15)",black,black,mostly black,"(0, 0, 0)",black,156,170,False
LCA09-05,https://go.cin7.com/webfiles/ProSciTechAU/webpages/images/275564/lca09_tn.jpg,jpg,"(41, 41, 41)",black,darkslategrey,mostly white,"(53, 53, 53)",black,59,170,False
LCA10-05,https://go.cin7.com/webfiles/ProSciTechAU/webpages/images/275564/lca10_tn.jpg,jpg,"(9, 10, 11)",black,black,mostly black,"(0, 0, 0)",black,119,170,False
LCB04-08,https://go.cin7.com/webfiles/ProSciTechAU/webpages/images/275564/lcb04_tn.jpg,jpg,"(66, 70, 73)",black,darkslategrey,mostly white,"(76, 80, 83)",black,84,170,False
LCB12-03,https://go.cin7.com/webfiles/ProSciTechAU/webpages/images/275564/lcb12-pp_tn.jpg,jpg,"(80, 86, 100)",black,dimgrey,mostly black,"(0, 0, 0)",black,170,94,False
LCH192,https://go.cin7.com/webfiles/ProSciTechAU/webpages/images/275564/20160608153793209320_tn.jpg,jpg,"(92, 97, 100)",black,dimgrey,mostly white,"(95, 96, 100)",black,170,170,False
LCH23-15,https://go.cin7.com/webfiles/ProSciTechAU/webpages/images/275564/1519_PriceBreak_1531_tn.jpg,jpg,"(92, 99, 99)",black,dimgrey,mostly white,"(92, 93, 97)",black,170,170,False
LD14,https://go.cin7.com/webfiles/ProSciTechAU/webpages/images/275564/ld14_tn.jpg,jpg,"(183, 78, 72)",red,indianred,mostly black,"(66, 58, 71)",black,100,170,False
LD5-R,https://go.cin7.com/webfiles/ProSciTechAU/webpages/images/275564/ld-ec_tn.jpg,jpg,"(6, 12, 34)",black,black,mostly black,"(1, 1, 1)",black,114,170,False
LD60-B,https://go.cin7.com/webfiles/ProSciTechAU/webpages/images/275564/ld60_tn.jpg,jpg,"(189, 92, 118)",red,indianred,mostly black,"(0, 9, 2)",black,108,170,False
LD61-B,https://go.cin7.com/webfiles/ProSciTechAU/webpages/images/275564/ld6_tn.jpg,jpg,"(6, 5, 7)",black,black,mostly black,"(0, 0, 0)",black,144,170,False
LD63-O,https://go.cin7.com/webfiles/ProSciTechAU/webpages/images/275564/ld63-o_tn.jpg,jpg,"(82, 76, 80)",black,darkslategrey,mostly white,"(46, 46, 48)",black,130,170,False
LD70-G,https://go.cin7.com/webfiles/ProSciTechAU/webpages/images/275564/ld70_tn.jpg,jpg,"(17, 22, 9)",black,black,mostly black,"(6, 0, 0)",black,76,170,False
LD71-B,https://go.cin7.com/webfiles/ProSciTechAU/webpages/images/275564/ld71_tn.jpg,jpg,"(235, 143, 47)",red green,goldenrod,mostly black,"(0, 0, 0)",black,111,170,False
LP21-0010-DWS,https://go.cin7.com/webfiles/ProSciTechAU/webpages/images/275564/lp21_tn.jpg,jpg,"(211, 64, 88)",red,indianred,mostly black,"(20, 27, 35)",black,128,170,False
LS20S-060,https://go.cin7.com/webfiles/ProSciTechAU/webpages/images/275564/ls20s-060_tn.jpg,jpg,"(198, 195, 188)",white,silver,mostly black,"(1, 1, 1)",black,110,170,False
LS21-07,https://go.cin7.com/webfiles/ProSciTechAU/webpages/images/275564/ls21-07_tn.jpg,jpg,"(19, 21, 22)",black,black,mostly black,"(0, 0, 0)",black,170,147,False
LS22-30,https://go.cin7.com/webfiles/ProSciTechAU/webpages/images/275564/ls22-30_tn.jpg,jpg,"(189, 196, 206)",white,silver,mostly black,"(1, 0, 0)",black,170,136,False
LS24-020,https://go.cin7.com/webfiles/ProSciTechAU/webpages/images/275564/ls24_tn.jpg,jpg,"(150, 169, 157)",white,darkgrey,mostly black,"(0, 0, 0)",black,76,170,False
LS25-70PL-DWS,https://go.cin7.com/webfiles/ProSciTechAU/webpages/images/275564/ls25_tn.jpg,jpg,"(220, 210, 120)",red green,burlywood,mostly black,"(0, 3, 0)",black,69,170,False
LS26-60,https://go.cin7.com/webfiles/ProSciTechAU/webpages/images/275564/4455_PriceBreak_4548_tn.jpg,jpg,"(167, 168, 173)",white,darkgrey,mostly black,"(255, 255, 255)",white,170,170,False
LS28-70S,https://go.cin7.com/webfiles/ProSciTechAU/webpages/images/275564/ls27_tn.jpg,jpg,"(197, 75, 83)",red,indianred,mostly white,"(31, 31, 31)",black,170,132,False
RCH40-W,https://go.cin7.com/webfiles/ProSciTechAU/webpages/images/275564/rch40_tn.jpg,jpg,"(5, 5, 5)",black,black,mostly black,"(0, 0, 0)",black,113,170,False
RCH42-W,https://go.cin7.com/webfiles/ProSciTechAU/webpages/images/275564/rch42_tn.jpg,jpg,"(214, 214, 214)",white,lightgrey,mostly black,"(2, 2, 2)",black,116,170,False
RCH44-W,https://go.cin7.com/webfiles/ProSciTechAU/webpages/images/275564/rch44_tn.jpg,jpg,"(230, 230, 230)",white,gainsboro,mostly black,"(0, 0, 0)",black,152,170,False
YC20,https://go.cin7.com/webfiles/ProSciTechAU/webpages/images/275564/yc20_tn.jpg,jpg,"(5, 5, 5)",black,black,mostly black,"(0, 0, 0)",black,155,170,False
YC21-016,https://go.cin7.com/webfiles/ProSciTechAU/webpages/images/275564/yc21_tn.jpg,jpg,"(180, 179, 181)",white,darkgrey,mostly black,"(1, 1, 1)",black,122,170,False
YC22-064,https://go.cin7.com/webfiles/ProSciTechAU/webpages/images/275564/yc22_tn.jpg,jpg,"(36, 34, 31)",black,black,mostly black,"(3, 3, 5)",black,117,170,False
YT340-12B,https://go.cin7.com/webfiles/ProSciTechAU/webpages/images/275564/yt340_tn.jpg,jpg,"(171, 164, 161)",white,darkgrey,mostly black,"(0, 0, 0)",black,170,106,False
VFV30-110,https://go.cin7.com/webfiles/ProSciTechAU/webpages/images/275564/vfv_tn.jpg,jpg,"(8, 8, 8)",black,black,mostly black,"(0, 0, 0)",black,153,170,False
VFV9-HEPA,https://go.cin7.com/webfiles/ProSciTechAU/webpages/images/275564/vfv-hepa_tn.jpg,jpg,"(47, 49, 53)",black,darkslategrey,mostly black,"(0, 0, 0)",black,73,170,False
H65-010,https://go.cin7.com/webfiles/ProSciTechAU/webpages/images/275564/h65_tn.jpg,jpg,"(171, 170, 168)",white,darkgrey,mostly black,"(0, 0, 0)",black,73,170,False
L34-053,https://go.cin7.com/webfiles/ProSciTechAU/webpages/images/275564/l34_tn.jpg,jpg,"(8, 8, 8)",black,black,mostly black,"(0, 0, 0)",black,170,134,False
L35-1005,https://go.cin7.com/webfiles/ProSciTechAU/webpages/images/275564/l35_tn.jpg,jpg,"(226, 225, 225)",white,gainsboro,mostly black,"(0, 0, 0)",black,71,170,False
L37-1006,https://go.cin7.com/webfiles/ProSciTechAU/webpages/images/275564/l37_tn.jpg,jpg,"(10, 10, 9)",black,black,mostly black,"(0, 0, 0)",black,170,95,False
L39-42,https://go.cin7.com/webfiles/ProSciTechAU/webpages/images/275564/l39_tn.jpg,jpg,"(210, 214, 214)",white,lightgrey,mostly black,"(0, 0, 0)",black,170,167,False
L3R-350,https://go.cin7.com/webfiles/ProSciTechAU/webpages/images/275564/l3r_tn.jpg,jpg,"(4, 4, 4)",black,black,mostly black,"(0, 0, 0)",black,87,170,False
L51-12,https://go.cin7.com/webfiles/ProSciTechAU/webpages/images/275564/l51_tn.jpg,jpg,"(12, 12, 12)",black,black,mostly black,"(0, 0, 0)",black,85,170,False
L52-250,https://go.cin7.com/webfiles/ProSciTechAU/webpages/images/275564/l52_tn.jpg,jpg,"(4, 4, 4)",black,black,mostly black,"(0, 0, 0)",black,170,91,False
LB30-0030,https://go.cin7.com/webfiles/ProSciTechAU/webpages/images/275564/lb30_tn.jpg,jpg,"(195, 196, 195)",white,silver,mostly black,"(1, 1, 1)",black,98,170,False
S8060,https://go.cin7.com/webfiles/ProSciTechAU/webpages/images/275564/s8061_tn.jpg,jpg,"(35, 45, 39)",black,darkslategrey,mostly black,"(1, 1, 0)",black,64,170,False
MLB-N-110,https://go.cin7.com/webfiles/ProSciTechAU/webpages/images/275564/mlb-n_tn.jpg,jpg,"(205, 205, 205)",white,lightgrey,mostly black,"(0, 0, 0)",black,101,170,False
SCW1-0200-F1,https://go.cin7.com/webfiles/ProSciTechAU/webpages/images/275564/scw_tn.jpg,jpg,"(21, 22, 23)",black,black,mostly black,"(0, 0, 0)",black,154,170,False
Y7201,https://go.cin7.com/webfiles/ProSciTechAU/webpages/images/275564/y7201_tn.jpg,jpg,"(68, 107, 195)",blue,steelblue,mostly black,"(0, 0, 0)",black,170,163,False
LC7512-T-UU,https://go.cin7.com/webfiles/ProSciTechAU/webpages/images/275564/lc7512-t-uu_tn.jpg,jpg,"(6, 5, 6)",black,black,mostly black,"(0, 0, 0)",black,142,170,False
LP5527-UU,https://go.cin7.com/webfiles/ProSciTechAU/webpages/images/275564/lp5527-uu_tn.jpg,jpg,"(126, 137, 147)",green blue,lightslategrey,mostly black,"(0, 0, 0)",black,170,146,False
LP5744-UL,https://go.cin7.com/webfiles/ProSciTechAU/webpages/images/275564/lp5744-ul_tn.jpg,jpg,"(22, 24, 26)",black,black,mostly black,"(1, 1, 1)",black,166,170,False
LS10065-UL,https://go.cin7.com/webfiles/ProSciTechAU/webpages/images/275564/ls10065-ul_tn.jpg,jpg,"(32, 30, 38)",black,black,mostly black,"(0, 0, 0)",black,137,170,False
FL530-C,https://go.cin7.com/webfiles/ProSciTechAU/webpages/images/275564/fl530-c_tn.jpg,jpg,"(17, 22, 28)",black,black,mostly black,"(0, 0, 2)",black,137,170,False
FL535R,https://go.cin7.com/webfiles/ProSciTechAU/webpages/images/275564/fl535r_tn.jpg,jpg,"(17, 37, 41)",black,black,mostly black,"(4, 8, 7)",black,112,170,False
FL550-C,https://go.cin7.com/webfiles/ProSciTechAU/webpages/images/275564/fl550-c_tn.jpg,jpg,"(17, 28, 38)",black,black,mostly black,"(3, 3, 3)",black,63,170,False
G342-X,https://go.cin7.com/webfiles/ProSciTechAU/webpages/images/275564/twin_cavity_slide_tn.jpg,jpg,"(136, 138, 155)",white,lightslategrey,mostly black,"(0, 0, 0)",black,170,170,False
H150,https://go.cin7.com/webfiles/ProSciTechAU/webpages/images/275564/capillary-tubes_tn.jpg,jpg,"(21, 18, 20)",black,black,mostly black,"(0, 4, 0)",black,170,166,False
H202-C,https://go.cin7.com/webfiles/ProSciTechAU/webpages/images/275564/h202_tn.jpg,jpg,"(49, 50, 50)",black,darkslategrey,mostly black,"(2, 1, 0)",black,61,170,False
H424-B06,https://go.cin7.com/webfiles/ProSciTechAU/webpages/images/275564/h424_tn.jpg,jpg,"(19, 19, 19)",black,black,mostly black,"(0, 0, 0)",black,170,156,False
H621-050,https://go.cin7.com/webfiles/ProSciTechAU/webpages/images/275564/h621_tn.jpg,jpg,"(187, 195, 191)",white,silver,mostly white,"(0, 67, 138)",blue,70,170,False
H661-5514,https://go.cin7.com/webfiles/ProSciTechAU/webpages/images/275564/h661-5514_tn.jpg,jpg,"(5, 5, 5)",black,black,mostly black,"(0, 0, 0)",black,118,170,False
H670-015,https://go.cin7.com/webfiles/ProSciTechAU/webpages/images/275564/porcelain-crucibles-w-lid_tn.jpg,jpg,"(200, 200, 200)",white,silver,mostly black,"(0, 0, 0)",black,74,170,False
H677-25,https://go.cin7.com/webfiles/ProSciTechAU/webpages/images/275564/h677_tn.jpg,jpg,"(216, 216, 212)",white,lightgrey,mostly black,"(0, 0, 0)",black,159,170,False
H678-20-X,https://go.cin7.com/webfiles/ProSciTechAU/webpages/images/275564/h678_tn.jpg,jpg,"(25, 24, 22)",black,black,mostly black,"(0, 0, 0)",black,107,170,False
H680,https://go.cin7.com/webfiles/ProSciTechAU/webpages/images/275564/h680_tn.jpg,jpg,"(206, 206, 206)",white,lightgrey,mostly black,"(1, 1, 0)",black,96,170,False
HG20-060,https://go.cin7.com/webfiles/ProSciTechAU/webpages/images/275564/hg20_tn.jpg,jpg,"(154, 152, 151)",white,darkgrey,mostly black,"(7, 7, 7)",black,86,170,False
L63TD-13-X,https://go.cin7.com/webfiles/ProSciTechAU/webpages/images/275564/l63tc_tn.jpg,jpg,"(11, 13, 15)",black,black,mostly black,"(0, 0, 0)",black,109,170,False
LD20,https://go.cin7.com/webfiles/ProSciTechAU/webpages/images/275564/ld20_tn.jpg,jpg,"(7, 7, 7)",black,black,mostly black,"(1, 1, 1)",black,170,160,False
LDB-PE-30,https://go.cin7.com/webfiles/ProSciTechAU/webpages/images/275564/ldb-pe-30_tn.jpg,jpg,"(14, 14, 14)",black,black,mostly black,"(0, 0, 0)",black,169,169,False
LT2-03-X,https://go.cin7.com/webfiles/ProSciTechAU/webpages/images/275564/lt2_tn.jpg,jpg,"(179, 184, 189)",white,silver,mostly black,"(167, 168, 173)",white,129,170,False
OXD-DG,https://go.cin7.com/webfiles/ProSciTechAU/webpages/images/275564/OXD-GN_tn.jpg,jpg,"(9, 9, 8)",black,black,mostly black,"(0, 0, 0)",black,170,150,False
OXD-RL,https://go.cin7.com/webfiles/ProSciTechAU/webpages/images/275564/OXD-RL_tn.jpg,jpg,"(210, 191, 165)",white,tan,mostly black,"(0, 0, 0)",black,170,170,False
OXD9-B,https://go.cin7.com/webfiles/ProSciTechAU/webpages/images/275564/oxd9-b-square_tn.jpg,jpg,"(182, 197, 209)",white,lightsteelblue,mostly black,"(0, 0, 0)",black,170,170,False
R650-05-X,https://go.cin7.com/webfiles/ProSciTechAU/webpages/images/275564/r650_tn.jpg,jpg,"(45, 45, 45)",black,darkslategrey,mostly black,"(0, 0, 0)",black,105,170,False
R652-07,https://go.cin7.com/webfiles/ProSciTechAU/webpages/images/275564/r652_tn.jpg,jpg,"(14, 15, 15)",black,black,mostly black,"(3, 4, 6)",black,71,170,False
S81K,https://go.cin7.com/webfiles/ProSciTechAU/webpages/images/275564/s81k_tn.jpg,jpg,"(183, 183, 181)",white,silver,mostly black,"(0, 0, 0)",black,170,160,False
S82-21,https://go.cin7.com/webfiles/ProSciTechAU/webpages/images/275564/s82-21_tn.jpg,jpg,"(10, 10, 10)",black,black,mostly black,"(19, 19, 19)",black,32,170,False
T310-ALX,https://go.cin7.com/webfiles/ProSciTechAU/webpages/images/275564/t315-al_tn.jpg,jpg,"(172, 174, 168)",white,darkgrey,mostly black,"(1, 0, 0)",black,126,170,False
T5820,https://go.cin7.com/webfiles/ProSciTechAU/webpages/images/275564/t5820_tn.jpg,jpg,"(4, 7, 10)",black,black,mostly black,"(0, 0, 0)",black,89,170,False
T722,https://go.cin7.com/webfiles/ProSciTechAU/webpages/images/275564/bosshead-small_tn.png,png,"(12, 12, 12)",black,black,mostly black,"(0, 0, 0)",black,113,170,False
T752-X,https://go.cin7.com/webfiles/ProSciTechAU/webpages/images/275564/t752_tn.jpg,jpg,"(8, 8, 8)",black,black,mostly black,"(1, 1, 1)",black,170,129,False
TXD103A-X,https://go.cin7.com/webfiles/ProSciTechAU/webpages/images/275564/txd103a-x_tn.jpg,jpg,"(91, 123, 124)",black,slategrey,mostly white,"(109, 136, 153)",green blue,61,170,False
TXS130-X,https://go.cin7.com/webfiles/ProSciTechAU/webpages/images/275564/txs130_tn.jpg,jpg,"(146, 175, 168)",white,darkgrey,mostly white,"(120, 140, 147)",green blue,46,170,False
UDM-R35,https://go.cin7.com/webfiles/ProSciTechAU/webpages/images/275564/feather-sturkey_tn.jpg,jpg,"(200, 200, 200)",white,silver,mostly black,"(0, 0, 0)",black,140,170,False
UM-WB1,https://go.cin7.com/webfiles/ProSciTechAU/webpages/images/275564/um-round_tn.jpg,jpg,"(215, 211, 214)",white,lightgrey,mostly black,"(0, 0, 0)",black,127,170,False
VA3-KF25-25-16,https://go.cin7.com/webfiles/ProSciTechAU/webpages/images/275564/va3-kf_tn.jpg,jpg,"(23, 23, 23)",black,black,mostly black,"(0, 0, 0)",black,91,170,False
VA4-KF25-16-25-16,https://go.cin7.com/webfiles/ProSciTechAU/webpages/images/275564/va4-kf_tn.jpg,jpg,"(186, 186, 186)",white,silver,mostly black,"(0, 0, 0)",black,168,170,False
VBP-10,https://go.cin7.com/webfiles/ProSciTechAU/webpages/images/275564/vbp-kf_tn.jpg,jpg,"(20, 20, 21)",black,black,mostly black,"(0, 0, 0)",black,56,170,False
VC2-180-KF16,https://go.cin7.com/webfiles/ProSciTechAU/webpages/images/275564/vc2-180-kf_tn.jpg,jpg,"(186, 186, 187)",white,silver,mostly black,"(0, 0, 0)",black,125,170,False
VC2-45-KF16,https://go.cin7.com/webfiles/ProSciTechAU/webpages/images/275564/vc2-45-kf_tn.jpg,jpg,"(158, 157, 153)",white,darkgrey,mostly black,"(0, 0, 0)",black,97,170,False
VC2-90-KF16,https://go.cin7.com/webfiles/ProSciTechAU/webpages/images/275564/vc2-90-kf_tn.jpg,jpg,"(158, 159, 150)",white,darkgrey,mostly black,"(0, 0, 0)",black,94,170,False
VC4-KF16,https://go.cin7.com/webfiles/ProSciTechAU/webpages/images/275564/vc4-kf_tn.jpg,jpg,"(159, 159, 159)",white,darkgrey,mostly black,"(0, 0, 0)",black,148,170,False
VC5-KF10,https://go.cin7.com/webfiles/ProSciTechAU/webpages/images/275564/vc5-kf_tn.jpg,jpg,"(27, 27, 27)",black,black,mostly black,"(0, 0, 0)",black,156,170,False
VC6-KF10,https://go.cin7.com/webfiles/ProSciTechAU/webpages/images/275564/vc6-kf_tn.jpg,jpg,"(30, 29, 27)",black,black,mostly black,"(0, 0, 0)",black,165,170,False
VCS-KF16-058,https://go.cin7.com/webfiles/ProSciTechAU/webpages/images/275564/vcs-kf_tn.jpg,jpg,"(9, 8, 8)",black,black,mostly black,"(0, 0, 0)",black,157,170,False
YD1-1000-035,https://go.cin7.com/webfiles/ProSciTechAU/webpages/images/275564/yd1-1000-035_tn.jpg,jpg,"(7, 7, 7)",black,black,mostly black,"(0, 0, 0)",black,170,159,False
I008,https://go.cin7.com/webfiles/ProSciTechAU/webpages/images/275564/i008_tn.jpg,jpg,"(204, 226, 236)",white,gainsboro,mostly black,"(4, 0, 4)",black,90,170,False
H401-060,https://go.cin7.com/webfiles/ProSciTechAU/webpages/images/275564/h401_tn.jpg,jpg,"(64, 64, 64)",black,darkslategrey,mostly white,"(51, 51, 51)",black,90,170,False
H405-040,https://go.cin7.com/webfiles/ProSciTechAU/webpages/images/275564/h405_tn.jpg,jpg,"(17, 17, 17)",black,black,mostly black,"(0, 0, 0)",black,78,170,False
H421-08,https://go.cin7.com/webfiles/ProSciTechAU/webpages/images/275564/h421_tn.jpg,jpg,"(17, 17, 17)",black,black,mostly black,"(0, 0, 0)",black,82,170,False
H430,https://go.cin7.com/webfiles/ProSciTechAU/webpages/images/275564/h430_tn.jpg,jpg,"(17, 16, 17)",black,black,mostly black,"(0, 0, 0)",black,160,170,False
H440,https://go.cin7.com/webfiles/ProSciTechAU/webpages/images/275564/h440_tn.jpg,jpg,"(15, 15, 15)",black,black,mostly black,"(0, 0, 0)",black,170,137,False
H441,https://go.cin7.com/webfiles/ProSciTechAU/webpages/images/275564/h441_tn.jpg,jpg,"(15, 15, 15)",black,black,mostly black,"(0, 0, 0)",black,104,170,False
H448,https://go.cin7.com/webfiles/ProSciTechAU/webpages/images/275564/h448_tn.jpg,jpg,"(179, 178, 176)",white,darkgrey,mostly black,"(0, 0, 0)",black,104,170,False
H643-0250,https://go.cin7.com/webfiles/ProSciTechAU/webpages/images/275564/h643_tn.jpg,jpg,"(14, 14, 14)",black,black,mostly black,"(4, 6, 5)",black,170,102,False
HG24-060,https://go.cin7.com/webfiles/ProSciTechAU/webpages/images/275564/hg24_tn.jpg,jpg,"(180, 179, 175)",white,darkgrey,mostly black,"(0, 0, 0)",black,170,141,False
L070-03,https://go.cin7.com/webfiles/ProSciTechAU/webpages/images/275564/l070_tn.jpg,jpg,"(175, 136, 9)",red green,darkgoldenrod,mostly black,"(0, 0, 0)",black,133,170,False
L132-050,https://go.cin7.com/webfiles/ProSciTechAU/webpages/images/275564/l132_tn.jpg,jpg,"(9, 8, 9)",black,black,mostly black,"(0, 0, 0)",black,69,170,False
LB12-0005,https://go.cin7.com/webfiles/ProSciTechAU/webpages/images/275564/lb12_tn.jpg,jpg,"(12, 12, 11)",black,black,mostly black,"(0, 0, 0)",black,104,170,False
LCE6-0025,https://go.cin7.com/webfiles/ProSciTechAU/webpages/images/275564/LCE6_tn.jpg,jpg,"(57, 64, 64)",black,darkslategrey,mostly white,"(255, 255, 255)",white,170,170,False
LCE7-0025,https://go.cin7.com/webfiles/ProSciTechAU/webpages/images/275564/lce7_tn.jpg,jpg,"(15, 15, 15)",black,black,mostly black,"(8, 8, 8)",black,170,99,False
LCE8-0050,https://go.cin7.com/webfiles/ProSciTechAU/webpages/images/275564/lce8_tn.jpg,jpg,"(193, 187, 181)",white,silver,mostly black,"(0, 0, 0)",black,170,130,False
LCN7-0010,https://go.cin7.com/webfiles/ProSciTechAU/webpages/images/275564/lcn7_tn.jpg,jpg,"(12, 14, 17)",black,black,mostly black,"(0, 0, 0)",black,170,98,False
LCVN7-0010,https://go.cin7.com/webfiles/ProSciTechAU/webpages/images/275564/lcvn7_tn.jpg,jpg,"(12, 12, 12)",black,black,mostly black,"(0, 0, 0)",black,170,104,False
LFN9-100,https://go.cin7.com/webfiles/ProSciTechAU/webpages/images/275564/lfn9_tn.jpg,jpg,"(10, 10, 10)",black,black,mostly black,"(0, 0, 0)",black,170,79,False
LP30-150,https://go.cin7.com/webfiles/ProSciTechAU/webpages/images/275564/lp30_tn.jpg,jpg,"(167, 165, 171)",white,darkgrey,mostly black,"(1, 1, 1)",black,61,170,False
LPN7-05,https://go.cin7.com/webfiles/ProSciTechAU/webpages/images/275564/lpn7_tn.jpg,jpg,"(8, 8, 8)",black,black,mostly black,"(0, 0, 0)",black,34,170,False
LPN8-001,https://go.cin7.com/webfiles/ProSciTechAU/webpages/images/275564/LPN8-1_tn.jpg,jpg,"(107, 102, 97)",black,dimgrey,mostly white,"(215, 210, 204)",white,170,55,False
SJT1003A,https://go.cin7.com/webfiles/ProSciTechAU/webpages/images/275564/sjt-a_tn.jpg,jpg,"(53, 54, 56)",black,darkslategrey,mostly black,"(0, 0, 0)",black,170,136,False
SJT2003B,https://go.cin7.com/webfiles/ProSciTechAU/webpages/images/275564/sjt2003b_tn.jpg,jpg,"(22, 26, 27)",black,black,mostly black,"(0, 0, 0)",black,170,125,False
H161,https://go.cin7.com/webfiles/ProSciTechAU/webpages/images/275564/h161-single_tn.jpg,jpg,"(182, 184, 190)",white,silver,mostly black,"(0, 0, 0)",black,105,170,False
H164,https://go.cin7.com/webfiles/ProSciTechAU/webpages/images/275564/h164_tn.jpg,jpg,"(42, 42, 43)",black,darkslategrey,mostly black,"(0, 0, 0)",black,103,170,False
H168-10,https://go.cin7.com/webfiles/ProSciTechAU/webpages/images/275564/h168_tn.jpg,jpg,"(6, 6, 7)",black,black,mostly black,"(0, 0, 0)",black,170,145,False
EB1008,https://go.cin7.com/webfiles/ProSciTechAU/webpages/images/275564/eb1008_tn.jpg,jpg,"(14, 14, 14)",black,black,mostly black,"(5, 5, 5)",black,106,170,False
EB1201-BEAD,https://go.cin7.com/webfiles/ProSciTechAU/webpages/images/275564/l31-05_tn.jpg,jpg,"(19, 20, 21)",black,black,mostly black,"(0, 0, 0)",black,92,170,False
EBB2000,https://go.cin7.com/webfiles/ProSciTechAU/webpages/images/275564/ebb2000_tn.jpg,jpg,"(189, 199, 204)",white,silver,mostly black,"(0, 0, 0)",black,170,152,False
EBH2200-H,https://go.cin7.com/webfiles/ProSciTechAU/webpages/images/275564/ebh2200_tn.jpg,jpg,"(187, 189, 189)",white,silver,mostly black,"(0, 0, 0)",black,170,132,False
BIOBKSC-12Y,https://go.cin7.com/webfiles/ProSciTechAU/webpages/images/275564/temp4cj.png,png,"(137, 136, 128)",white,grey,mostly black,"(133, 134, 127, 255)",,44,34,False
KJH-350,https://go.cin7.com/webfiles/ProSciTechAU/webpages/images/275564/20180119020107_8761._tn.jpg,jpg,"(212, 210, 206)",white,lightgrey,mostly white,"(255, 255, 255)",white,170,170,False
LCA05-TOOL,https://go.cin7.com/webfiles/ProSciTechAU/webpages/images/275564/lca05-tool_tn.jpg,jpg,"(151, 48, 119)",red,darkmagenta,mostly black,"(0, 0, 0)",black,53,170,False
TCV7-03X,https://go.cin7.com/webfiles/ProSciTechAU/webpages/images/275564/tcv7_tn.jpg,jpg,"(172, 171, 171)",white,darkgrey,mostly black,"(0, 0, 0)",black,120,170,False
SDV7A-BR,https://go.cin7.com/webfiles/ProSciTechAU/webpages/images/275564/sdv7a_tn.jpg,jpg,"(19, 13, 13)",black,black,mostly black,"(0, 0, 0)",black,170,112,False
SDV8A-GL45-GL38,https://go.cin7.com/webfiles/ProSciTechAU/webpages/images/275564/1670115_tn.jpg,jpg,"(136, 136, 136)",white,grey,mostly white,"(122, 122, 122)",black,130,170,False
V2XZ-1,https://go.cin7.com/webfiles/ProSciTechAU/webpages/images/275564/rotary-vane-pump_tn.jpg,jpg,"(13, 14, 20)",black,black,mostly black,"(0, 0, 0)",black,99,170,False
FLUM100-100,https://go.cin7.com/webfiles/ProSciTechAU/webpages/images/275564/tff001_tn.jpg,jpg,"(12, 12, 13)",black,black,mostly black,"(0, 0, 0)",black,170,41,False
L38-5016,https://go.cin7.com/webfiles/ProSciTechAU/webpages/images/275564/l38_tn.jpg,jpg,"(9, 9, 9)",black,black,mostly black,"(0, 0, 0)",black,170,125,False
E252-040,https://go.cin7.com/webfiles/ProSciTechAU/webpages/images/275564/E252-100-4_tn.jpg,jpg,"(199, 179, 168)",white,silver,mostly black,"(1, 0, 6)",black,94,170,False
H61-020H,https://go.cin7.com/webfiles/ProSciTechAU/webpages/images/275564/h61_tn.jpg,jpg,"(20, 20, 19)",black,black,mostly black,"(0, 0, 0)",black,91,170,False
H662-150,https://go.cin7.com/webfiles/ProSciTechAU/webpages/images/275564/evaporating-dish_tn.jpg,jpg,"(22, 22, 20)",black,black,mostly black,"(0, 0, 0)",black,73,170,False
H676-30,https://go.cin7.com/webfiles/ProSciTechAU/webpages/images/275564/h676_tn.jpg,jpg,"(25, 25, 24)",black,black,mostly black,"(0, 0, 0)",black,127,170,False
TM76,https://go.cin7.com/webfiles/ProSciTechAU/webpages/images/275564/pin_mat_tn.jpg,jpg,"(22, 75, 142)",blue,darkslateblue,mostly black,"(0, 0, 0)",black,80,170,False
TXS102-X,https://go.cin7.com/webfiles/ProSciTechAU/webpages/images/275564/txs10_2_tn.jpg,jpg,"(4, 4, 4)",black,black,mostly black,"(1, 1, 1)",black,170,115,False
UM-PD09,https://go.cin7.com/webfiles/ProSciTechAU/webpages/images/275564/um-pd_tn.jpg,jpg,"(189, 188, 181)",white,silver,mostly black,"(0, 0, 0)",black,170,140,False
UM-PT1,https://go.cin7.com/webfiles/ProSciTechAU/webpages/images/275564/um-pt_tn.jpg,jpg,"(200, 198, 197)",white,silver,mostly black,"(0, 0, 0)",black,110,170,False
UM-SW1,https://go.cin7.com/webfiles/ProSciTechAU/webpages/images/275564/um-wbr_tn.jpg,jpg,"(214, 210, 213)",white,lightgrey,mostly black,"(0, 0, 0)",black,128,170,False
UM-SW2,https://go.cin7.com/webfiles/ProSciTechAU/webpages/images/275564/um-sw02_tn.jpg,jpg,"(8, 8, 7)",black,black,mostly black,"(0, 0, 0)",black,103,170,False
UM-SW3,https://go.cin7.com/webfiles/ProSciTechAU/webpages/images/275564/um-sw03_tn.jpg,jpg,"(30, 28, 28)",black,black,mostly black,"(1, 1, 1)",black,106,170,False
UM-WBG,https://go.cin7.com/webfiles/ProSciTechAU/webpages/images/275564/um-glass_tn.jpg,jpg,"(178, 178, 175)",white,darkgrey,mostly black,"(0, 0, 0)",black,124,170,False
VBP-CF10,https://go.cin7.com/webfiles/ProSciTechAU/webpages/images/275564/vbp-cf_tn.jpg,jpg,"(174, 174, 174)",white,darkgrey,mostly black,"(0, 0, 0)",black,170,160,False
VC2-90M-KF16,https://go.cin7.com/webfiles/ProSciTechAU/webpages/images/275564/vc2-90m-kf_tn.jpg,jpg,"(190, 188, 190)",white,silver,mostly black,"(0, 0, 0)",black,143,170,False
OAMC-1,https://go.cin7.com/webfiles/ProSciTechAU/webpages/images/275564/oamc_tn.jpg,jpg,"(189, 191, 190)",white,silver,mostly black,"(0, 0, 0)",black,170,124,False
OAMF-040X050-LX,https://go.cin7.com/webfiles/ProSciTechAU/webpages/images/275564/oamf_tn.jpg,jpg,"(108, 107, 103)",black,dimgrey,mostly white,"(54, 51, 46)",black,129,170,False
ERN-AC-L4,https://go.cin7.com/webfiles/ProSciTechAU/webpages/images/275564/ern-l304_tn.jpg,jpg,"(207, 210, 208)",white,lightgrey,mostly black,"(1, 1, 1)",black,170,79,False
SUI33-12,https://go.cin7.com/webfiles/ProSciTechAU/webpages/images/275564/sui33_tn.jpg,jpg,"(57, 46, 47)",black,darkslategrey,mostly white,"(90, 9, 15)",black,170,160,False
SUI52-12,https://go.cin7.com/webfiles/ProSciTechAU/webpages/images/275564/sui52-12_tn.jpg,jpg,"(20, 20, 19)",black,black,mostly black,"(0, 0, 0)",black,170,92,False
SUM2-025,https://go.cin7.com/webfiles/ProSciTechAU/webpages/images/275564/sum2_tn.jpg,jpg,"(42, 41, 43)",black,darkslategrey,mostly black,"(0, 0, 0)",black,137,170,False
L66-015VL,https://go.cin7.com/webfiles/ProSciTechAU/webpages/images/275564/1449_PriceBreak_1461_tn.jpg,jpg,"(190, 189, 189)",white,silver,mostly black,"(176, 176, 176)",white,170,170,False
LCH18,https://go.cin7.com/webfiles/ProSciTechAU/webpages/images/275564/lch-pe_tn.jpg,jpg,"(9, 9, 9)",black,black,mostly black,"(0, 0, 0)",black,55,170,False
SDV4-A32,https://go.cin7.com/webfiles/ProSciTechAU/webpages/images/275564/CURRENTLY_UNAVAILABLE_tn.jpg,jpg,"(215, 215, 215)",white,lightgrey,mostly white,"(253, 253, 253)",white,170,170,False
CHE-AA059-500G,https://go.cin7.com/webfiles/ProSciTechAU/webpages/images/275564/CURRENTLY_UNAVAILABLE_tn.jpg,jpg,"(215, 215, 215)",white,lightgrey,mostly white,"(253, 253, 253)",white,170,170,False
CHE-HL150-25G,https://go.cin7.com/webfiles/ProSciTechAU/webpages/images/275564/CURRENTLY_UNAVAILABLE_tn.jpg,jpg,"(215, 215, 215)",white,lightgrey,mostly white,"(253, 253, 253)",white,170,170,False
CHE-RP1104-P2.5L,https://go.cin7.com/webfiles/ProSciTechAU/webpages/images/275564/CURRENTLY_UNAVAILABLE_tn.jpg,jpg,"(215, 215, 215)",white,lightgrey,mostly white,"(253, 253, 253)",white,170,170,False
EB1000-MD,https://go.cin7.com/webfiles/ProSciTechAU/webpages/images/275564/CURRENTLY_UNAVAILABLE_tn.jpg,jpg,"(215, 215, 215)",white,lightgrey,mostly white,"(253, 253, 253)",white,170,170,False
EB1000-SPD,https://go.cin7.com/webfiles/ProSciTechAU/webpages/images/275564/CURRENTLY_UNAVAILABLE_tn.jpg,jpg,"(215, 215, 215)",white,lightgrey,mostly white,"(253, 253, 253)",white,170,170,False
EB1008-MD,https://go.cin7.com/webfiles/ProSciTechAU/webpages/images/275564/CURRENTLY_UNAVAILABLE_tn.jpg,jpg,"(215, 215, 215)",white,lightgrey,mostly white,"(253, 253, 253)",white,170,170,False
EB1008-SPD,https://go.cin7.com/webfiles/ProSciTechAU/webpages/images/275564/CURRENTLY_UNAVAILABLE_tn.jpg,jpg,"(215, 215, 215)",white,lightgrey,mostly white,"(253, 253, 253)",white,170,170,False
EB2000-MF,https://go.cin7.com/webfiles/ProSciTechAU/webpages/images/275564/CURRENTLY_UNAVAILABLE_tn.jpg,jpg,"(215, 215, 215)",white,lightgrey,mostly white,"(253, 253, 253)",white,170,170,False
EB2000-SPF,https://go.cin7.com/webfiles/ProSciTechAU/webpages/images/275564/CURRENTLY_UNAVAILABLE_tn.jpg,jpg,"(215, 215, 215)",white,lightgrey,mostly white,"(253, 253, 253)",white,170,170,False
EBD1000-ST,https://go.cin7.com/webfiles/ProSciTechAU/webpages/images/275564/CURRENTLY_UNAVAILABLE_tn.jpg,jpg,"(215, 215, 215)",white,lightgrey,mostly white,"(253, 253, 253)",white,170,170,False
EBDET-1000,https://go.cin7.com/webfiles/ProSciTechAU/webpages/images/275564/CURRENTLY_UNAVAILABLE_tn.jpg,jpg,"(215, 215, 215)",white,lightgrey,mostly white,"(253, 253, 253)",white,170,170,False
EBDSB-01,https://go.cin7.com/webfiles/ProSciTechAU/webpages/images/275564/CURRENTLY_UNAVAILABLE_tn.jpg,jpg,"(215, 215, 215)",white,lightgrey,mostly white,"(253, 253, 253)",white,170,170,False
EBDSS-28,https://go.cin7.com/webfiles/ProSciTechAU/webpages/images/275564/CURRENTLY_UNAVAILABLE_tn.jpg,jpg,"(215, 215, 215)",white,lightgrey,mostly white,"(253, 253, 253)",white,170,170,False
EBDZB-01,https://go.cin7.com/webfiles/ProSciTechAU/webpages/images/275564/CURRENTLY_UNAVAILABLE_tn.jpg,jpg,"(215, 215, 215)",white,lightgrey,mostly white,"(253, 253, 253)",white,170,170,False
EBR5000-SP,https://go.cin7.com/webfiles/ProSciTechAU/webpages/images/275564/CURRENTLY_UNAVAILABLE_tn.jpg,jpg,"(215, 215, 215)",white,lightgrey,mostly white,"(253, 253, 253)",white,170,170,False
EBT300-PMC,https://go.cin7.com/webfiles/ProSciTechAU/webpages/images/275564/CURRENTLY_UNAVAILABLE_tn.jpg,jpg,"(215, 215, 215)",white,lightgrey,mostly white,"(253, 253, 253)",white,170,170,False
ETC9639-AIS,https://go.cin7.com/webfiles/ProSciTechAU/webpages/images/275564/CURRENTLY_UNAVAILABLE_tn.jpg,jpg,"(215, 215, 215)",white,lightgrey,mostly white,"(253, 253, 253)",white,170,170,False
INTC-Block,https://go.cin7.com/webfiles/ProSciTechAU/webpages/images/275564/CURRENTLY_UNAVAILABLE_tn.jpg,jpg,"(215, 215, 215)",white,lightgrey,mostly white,"(253, 253, 253)",white,170,170,False
EGWD/T1,https://go.cin7.com/webfiles/ProSciTechAU/webpages/images/275564/CURRENTLY_UNAVAILABLE_tn.jpg,jpg,"(215, 215, 215)",white,lightgrey,mostly white,"(253, 253, 253)",white,170,170,False
EGWDFD1,https://go.cin7.com/webfiles/ProSciTechAU/webpages/images/275564/CURRENTLY_UNAVAILABLE_tn.jpg,jpg,"(215, 215, 215)",white,lightgrey,mostly white,"(253, 253, 253)",white,170,170,False
EIE-GD,https://go.cin7.com/webfiles/ProSciTechAU/webpages/images/275564/CURRENTLY_UNAVAILABLE_tn.jpg,jpg,"(215, 215, 215)",white,lightgrey,mostly white,"(253, 253, 253)",white,170,170,False
EIE-GW,https://go.cin7.com/webfiles/ProSciTechAU/webpages/images/275564/CURRENTLY_UNAVAILABLE_tn.jpg,jpg,"(215, 215, 215)",white,lightgrey,mostly white,"(253, 253, 253)",white,170,170,False
EODW-SG1,https://go.cin7.com/webfiles/ProSciTechAU/webpages/images/275564/CURRENTLY_UNAVAILABLE_tn.jpg,jpg,"(215, 215, 215)",white,lightgrey,mostly white,"(253, 253, 253)",white,170,170,False
EODW-TIMER,https://go.cin7.com/webfiles/ProSciTechAU/webpages/images/275564/CURRENTLY_UNAVAILABLE_tn.jpg,jpg,"(215, 215, 215)",white,lightgrey,mostly white,"(253, 253, 253)",white,170,170,False
EODW-VENT,https://go.cin7.com/webfiles/ProSciTechAU/webpages/images/275564/CURRENTLY_UNAVAILABLE_tn.jpg,jpg,"(215, 215, 215)",white,lightgrey,mostly white,"(253, 253, 253)",white,170,170,False
ERG-HE,https://go.cin7.com/webfiles/ProSciTechAU/webpages/images/275564/CURRENTLY_UNAVAILABLE_tn.jpg,jpg,"(215, 215, 215)",white,lightgrey,mostly white,"(253, 253, 253)",white,170,170,False
TXD116-X,https://go.cin7.com/webfiles/ProSciTechAU/webpages/images/275564/CURRENTLY_UNAVAILABLE_tn.jpg,jpg,"(215, 215, 215)",white,lightgrey,mostly white,"(253, 253, 253)",white,170,170,False
TXS169-X,https://go.cin7.com/webfiles/ProSciTechAU/webpages/images/275564/CURRENTLY_UNAVAILABLE_tn.jpg,jpg,"(215, 215, 215)",white,lightgrey,mostly white,"(253, 253, 253)",white,170,170,False
OAM-AHS1195,https://go.cin7.com/webfiles/ProSciTechAU/webpages/images/275564/CURRENTLY_UNAVAILABLE_tn.jpg,jpg,"(215, 215, 215)",white,lightgrey,mostly white,"(253, 253, 253)",white,170,170,False
OAM-AM05,https://go.cin7.com/webfiles/ProSciTechAU/webpages/images/275564/CURRENTLY_UNAVAILABLE_tn.jpg,jpg,"(215, 215, 215)",white,lightgrey,mostly white,"(253, 253, 253)",white,170,170,False
OAM-AM07,https://go.cin7.com/webfiles/ProSciTechAU/webpages/images/275564/CURRENTLY_UNAVAILABLE_tn.jpg,jpg,"(215, 215, 215)",white,lightgrey,mostly white,"(253, 253, 253)",white,170,170,False
OAM-C03,https://go.cin7.com/webfiles/ProSciTechAU/webpages/images/275564/CURRENTLY_UNAVAILABLE_tn.jpg,jpg,"(215, 215, 215)",white,lightgrey,mostly white,"(253, 253, 253)",white,170,170,False
OM-AHS,https://go.cin7.com/webfiles/ProSciTechAU/webpages/images/275564/CURRENTLY_UNAVAILABLE_tn.jpg,jpg,"(215, 215, 215)",white,lightgrey,mostly white,"(253, 253, 253)",white,170,170,False
